﻿UF,Material,Quantidade,Data de Saída
AC,Avental,38,15/04/2020
AC,Avental,50,15/04/2020
AC,Avental,100,15/04/2020
AC,Avental,150,15/04/2020
AC,Avental,175,15/04/2020
AC,Avental,240,30/04/2020
AC,Avental,350,22/05/2020
AC,Avental,640,23/04/2020
AC,Avental,700,28/03/2020
AC,Avental,960,23/04/2020
AC,Avental,1000,15/04/2020
AC,Avental,1030,30/04/2020
AC,Avental,1550,14/05/2020
AC,Avental,2800,21/03/2020
AC,Avental,3700,14/05/2020
AC,Sapatilha e Touca,100,19/03/2020
AC,Sapatilha e Touca,100,28/03/2020
AC,Sapatilha e Touca,400,25/03/2020
AC,Sapatilha e Touca,400,31/03/2020
AC,Sapatilha e Touca,400,19/03/2021
AC,Sapatilha e Touca,1000,19/03/2020
AC,Sapatilha e Touca,1200,28/03/2020
AC,Sapatilha e Touca,1800,15/04/2020
AC,Sapatilha e Touca,1900,08/10/2020
AC,Sapatilha e Touca,2100,08/10/2020
AC,Sapatilha e Touca,2100,19/03/2021
AC,Sapatilha e Touca,2400,30/04/2020
AC,Sapatilha e Touca,4000,23/04/2020
AC,Sapatilha e Touca,4000,14/05/2020
AC,Sapatilha e Touca,4000,04/06/2020
AC,Sapatilha e Touca,4000,05/06/2020
AC,Sapatilha e Touca,4000,10/06/2020
AC,Sapatilha e Touca,6200,22/05/2020
AC,Sapatilha e Touca,6300,18/02/2021
AC,Sapatilha e Touca,13300,08/10/2020
AC,Sapatilha e Touca,50000,31/03/2020
AL,Avental,50,15/04/2020
AL,Avental,100,14/05/2020
AL,Avental,120,15/04/2020
AL,Avental,250,15/04/2020
AL,Avental,350,15/04/2020
AL,Avental,550,15/04/2020
AL,Avental,700,28/03/2020
AL,Avental,720,30/04/2020
AL,Avental,1065,22/05/2020
AL,Avental,1280,23/04/2020
AL,Avental,1600,23/04/2020
AL,Avental,1875,14/05/2020
AL,Avental,2240,23/04/2020
AL,Avental,2300,14/05/2020
AL,Avental,3230,30/04/2020
AL,Avental,4800,15/04/2020
AL,Avental,10000,14/05/2020
AL,Avental,10500,21/03/2020
AL,Sapatilha e Touca,100,19/03/2020
AL,Sapatilha e Touca,500,25/03/2020
AL,Sapatilha e Touca,500,28/03/2020
AL,Sapatilha e Touca,1000,19/03/2020
AL,Sapatilha e Touca,1300,24/03/2021
AL,Sapatilha e Touca,1600,31/03/2020
AL,Sapatilha e Touca,4000,23/04/2020
AL,Sapatilha e Touca,4000,05/06/2020
AL,Sapatilha e Touca,4000,10/06/2020
AL,Sapatilha e Touca,4600,28/03/2020
AL,Sapatilha e Touca,5900,15/04/2020
AL,Sapatilha e Touca,6200,24/03/2021
AL,Sapatilha e Touca,7600,30/04/2020
AL,Sapatilha e Touca,8000,14/05/2020
AL,Sapatilha e Touca,8600,08/10/2020
AL,Sapatilha e Touca,12000,04/06/2020
AL,Sapatilha e Touca,19000,22/05/2020
AL,Sapatilha e Touca,40000,08/10/2020
AL,Sapatilha e Touca,190000,31/03/2020
AM,Avental,100,29/04/2020
AM,Avental,158,15/04/2020
AM,Avental,200,15/04/2020
AM,Avental,300,14/05/2020
AM,Avental,700,28/03/2020
AM,Avental,725,15/04/2020
AM,Avental,1500,14/05/2020
AM,Avental,1630,22/05/2020
AM,Avental,2000,29/04/2020
AM,Avental,2050,29/04/2020
AM,Avental,2250,14/05/2020
AM,Avental,3000,14/05/2020
AM,Avental,3130,30/04/2020
AM,Avental,4400,30/04/2020
AM,Avental,6720,23/04/2020
AM,Avental,7000,15/04/2020
AM,Avental,8000,29/04/2020
AM,Avental,8950,29/04/2020
AM,Avental,9000,29/04/2020
AM,Avental,10000,29/04/2020
AM,Avental,10900,29/04/2020
AM,Avental,13300,21/03/2020
AM,Avental,16000,14/05/2020
AM,Avental,60000,11/05/2021
AM,Sapatilha e Touca,400,19/03/2020
AM,Sapatilha e Touca,500,25/03/2020
AM,Sapatilha e Touca,600,28/03/2020
AM,Sapatilha e Touca,1600,24/03/2021
AM,Sapatilha e Touca,2000,31/03/2020
AM,Sapatilha e Touca,3000,20/01/2021
AM,Sapatilha e Touca,4000,23/04/2020
AM,Sapatilha e Touca,4000,05/06/2020
AM,Sapatilha e Touca,4000,10/06/2020
AM,Sapatilha e Touca,4400,22/05/2020
AM,Sapatilha e Touca,5700,28/03/2020
AM,Sapatilha e Touca,6000,20/01/2021
AM,Sapatilha e Touca,7800,15/04/2020
AM,Sapatilha e Touca,10000,24/03/2021
AM,Sapatilha e Touca,10400,08/10/2020
AM,Sapatilha e Touca,11400,30/04/2020
AM,Sapatilha e Touca,16000,14/05/2020
AM,Sapatilha e Touca,16000,04/06/2020
AM,Sapatilha e Touca,24700,22/05/2020
AM,Sapatilha e Touca,30200,23/10/2020
AM,Sapatilha e Touca,64100,08/10/2020
AM,Sapatilha e Touca,80000,29/04/2020
AM,Sapatilha e Touca,165400,23/10/2020
AM,Sapatilha e Touca,240000,31/03/2020
AP,Avental,34,15/04/2020
AP,Avental,120,30/04/2020
AP,Avental,150,15/04/2020
AP,Avental,335,22/05/2020
AP,Avental,400,14/05/2020
AP,Avental,500,28/05/2020
AP,Avental,700,28/03/2020
AP,Avental,930,30/04/2020
AP,Avental,1125,14/05/2020
AP,Avental,1280,23/04/2020
AP,Avental,1500,15/04/2020
AP,Avental,2800,21/03/2020
AP,Avental,3700,14/05/2020
AP,Sapatilha e Touca,100,19/03/2020
AP,Sapatilha e Touca,100,28/03/2020
AP,Sapatilha e Touca,100,04/03/2021
AP,Sapatilha e Touca,400,24/03/2020
AP,Sapatilha e Touca,400,31/03/2020
AP,Sapatilha e Touca,700,24/03/2021
AP,Sapatilha e Touca,1000,19/03/2020
AP,Sapatilha e Touca,1200,28/03/2020
AP,Sapatilha e Touca,1700,15/04/2020
AP,Sapatilha e Touca,1700,24/03/2021
AP,Sapatilha e Touca,2000,14/05/2020
AP,Sapatilha e Touca,2200,30/04/2020
AP,Sapatilha e Touca,4000,23/04/2020
AP,Sapatilha e Touca,4000,04/06/2020
AP,Sapatilha e Touca,4000,05/06/2020
AP,Sapatilha e Touca,4000,10/06/2020
AP,Sapatilha e Touca,4500,08/10/2020
AP,Sapatilha e Touca,5900,22/05/2020
AP,Sapatilha e Touca,10800,08/10/2020
AP,Sapatilha e Touca,50000,31/03/2020
AP,Sapatilha e Touca,50000,28/05/2020
BA,Avental,380,18/09/2020
BA,Avental,539,15/04/2020
BA,Avental,600,14/05/2020
BA,Avental,2025,14/05/2020
BA,Avental,2475,15/04/2020
BA,Avental,3500,28/03/2020
BA,Avental,3600,30/04/2020
BA,Avental,5090,22/05/2020
BA,Avental,7050,15/04/2020
BA,Avental,8500,15/04/2020
BA,Avental,8900,15/04/2020
BA,Avental,8960,23/04/2020
BA,Avental,14400,23/04/2020
BA,Avental,14460,30/04/2020
BA,Avental,18900,14/05/2020
BA,Avental,49000,21/03/2020
BA,Avental,50000,14/05/2020
BA,Sapatilha e Touca,900,25/03/2020
BA,Sapatilha e Touca,1000,19/03/2020
BA,Sapatilha e Touca,1000,18/09/2020
BA,Sapatilha e Touca,1400,19/03/2020
BA,Sapatilha e Touca,2300,28/03/2020
BA,Sapatilha e Touca,3100,24/03/2021
BA,Sapatilha e Touca,4000,05/06/2020
BA,Sapatilha e Touca,4000,10/06/2020
BA,Sapatilha e Touca,4100,30/04/2020
BA,Sapatilha e Touca,6000,18/09/2020
BA,Sapatilha e Touca,7100,31/03/2020
BA,Sapatilha e Touca,10000,10/04/2020
BA,Sapatilha e Touca,12000,23/04/2020
BA,Sapatilha e Touca,19900,08/10/2020
BA,Sapatilha e Touca,20000,10/06/2020
BA,Sapatilha e Touca,20500,28/03/2020
BA,Sapatilha e Touca,26600,15/04/2020
BA,Sapatilha e Touca,30000,30/04/2020
BA,Sapatilha e Touca,33000,24/03/2021
BA,Sapatilha e Touca,56000,14/05/2020
BA,Sapatilha e Touca,64000,04/06/2020
BA,Sapatilha e Touca,90900,22/05/2020
BA,Sapatilha e Touca,212400,08/10/2020
BA,Sapatilha e Touca,840000,31/03/2020
CE,Avental,299,15/04/2020
CE,Avental,450,15/04/2020
CE,Avental,900,14/05/2020
CE,Avental,1375,15/04/2020
CE,Avental,1725,14/05/2020
CE,Avental,1920,30/04/2020
CE,Avental,2100,28/03/2020
CE,Avental,2930,22/05/2020
CE,Avental,3150,15/04/2020
CE,Avental,8010,30/04/2020
CE,Avental,9000,14/05/2020
CE,Avental,9950,15/04/2020
CE,Avental,12800,23/04/2020
CE,Avental,25000,14/05/2020
CE,Avental,30100,21/03/2020
CE,Sapatilha e Touca,700,25/03/2020
CE,Sapatilha e Touca,900,19/03/2020
CE,Sapatilha e Touca,1000,19/03/2020
CE,Sapatilha e Touca,1400,28/03/2020
CE,Sapatilha e Touca,4000,10/06/2020
CE,Sapatilha e Touca,4300,31/03/2020
CE,Sapatilha e Touca,6700,24/03/2021
CE,Sapatilha e Touca,7000,14/05/2020
CE,Sapatilha e Touca,8000,23/04/2020
CE,Sapatilha e Touca,8000,10/06/2020
CE,Sapatilha e Touca,12000,05/06/2020
CE,Sapatilha e Touca,12600,28/03/2020
CE,Sapatilha e Touca,14100,24/03/2021
CE,Sapatilha e Touca,14700,15/04/2020
CE,Sapatilha e Touca,18900,30/04/2020
CE,Sapatilha e Touca,20000,08/10/2020
CE,Sapatilha e Touca,21000,14/05/2020
CE,Sapatilha e Touca,23100,08/10/2020
CE,Sapatilha e Touca,28000,04/06/2020
CE,Sapatilha e Touca,52300,22/05/2020
CE,Sapatilha e Touca,90600,08/10/2020
CE,Sapatilha e Touca,520000,31/03/2020
DF,Avental,138,15/04/2020
DF,Avental,200,15/04/2020
DF,Avental,390,30/04/2020
DF,Avental,450,30/04/2020
DF,Avental,625,15/04/2020
DF,Avental,800,14/05/2020
DF,Avental,1305,22/05/2020
DF,Avental,1400,28/03/2020
DF,Avental,3720,30/04/2020
DF,Avental,4900,14/05/2020
DF,Avental,5760,23/04/2020
DF,Avental,6050,15/04/2020
DF,Avental,9800,21/03/2020
DF,Avental,11000,14/05/2020
DF,Sapatilha e Touca,300,19/03/2020
DF,Sapatilha e Touca,500,25/03/2020
DF,Sapatilha e Touca,500,28/03/2020
DF,Sapatilha e Touca,1000,24/03/2021
DF,Sapatilha e Touca,1400,31/03/2020
DF,Sapatilha e Touca,4000,23/04/2020
DF,Sapatilha e Touca,4000,10/06/2020
DF,Sapatilha e Touca,4200,28/03/2020
DF,Sapatilha e Touca,6800,15/04/2020
DF,Sapatilha e Touca,8300,24/03/2021
DF,Sapatilha e Touca,8700,30/04/2020
DF,Sapatilha e Touca,12000,14/05/2020
DF,Sapatilha e Touca,16000,04/06/2020
DF,Sapatilha e Touca,23300,22/05/2020
DF,Sapatilha e Touca,59600,08/10/2020
DF,Sapatilha e Touca,170000,31/03/2020
ES,Avental,160,15/04/2020
ES,Avental,250,15/04/2020
ES,Avental,700,28/03/2020
ES,Avental,725,15/04/2020
ES,Avental,900,14/05/2020
ES,Avental,960,30/04/2020
ES,Avental,1370,22/05/2020
ES,Avental,1950,14/05/2020
ES,Avental,2240,23/04/2020
ES,Avental,3800,14/05/2020
ES,Avental,4300,30/04/2020
ES,Avental,4480,23/04/2020
ES,Avental,7000,15/04/2020
ES,Avental,13000,14/05/2020
ES,Avental,13300,21/03/2020
ES,Sapatilha e Touca,400,19/03/2020
ES,Sapatilha e Touca,500,25/03/2020
ES,Sapatilha e Touca,600,28/03/2020
ES,Sapatilha e Touca,600,24/03/2021
ES,Sapatilha e Touca,1000,19/03/2020
ES,Sapatilha e Touca,1000,22/05/2020
ES,Sapatilha e Touca,1500,08/10/2020
ES,Sapatilha e Touca,1900,31/03/2020
ES,Sapatilha e Touca,2600,22/05/2020
ES,Sapatilha e Touca,2800,08/10/2020
ES,Sapatilha e Touca,2900,24/03/2021
ES,Sapatilha e Touca,4000,23/04/2020
ES,Sapatilha e Touca,4000,05/06/2020
ES,Sapatilha e Touca,4000,10/06/2020
ES,Sapatilha e Touca,4700,22/05/2020
ES,Sapatilha e Touca,5000,30/04/2020
ES,Sapatilha e Touca,5100,30/04/2020
ES,Sapatilha e Touca,5500,28/03/2020
ES,Sapatilha e Touca,7900,15/04/2020
ES,Sapatilha e Touca,9100,24/03/2021
ES,Sapatilha e Touca,16000,14/05/2020
ES,Sapatilha e Touca,16000,04/06/2020
ES,Sapatilha e Touca,16100,22/05/2020
ES,Sapatilha e Touca,58700,08/10/2020
ES,Sapatilha e Touca,230000,31/03/2020
GO,Avental,100,14/05/2020
GO,Avental,228,15/04/2020
GO,Avental,1000,15/04/2020
GO,Avental,1050,15/04/2020
GO,Avental,1400,28/03/2020
GO,Avental,1400,15/04/2020
GO,Avental,1440,30/04/2020
GO,Avental,1650,14/05/2020
GO,Avental,2000,14/05/2020
GO,Avental,2165,22/05/2020
GO,Avental,5600,14/05/2020
GO,Avental,6120,30/04/2020
GO,Avental,7950,15/04/2020
GO,Avental,9920,23/04/2020
GO,Avental,23000,14/05/2020
GO,Avental,23100,21/03/2020
GO,Sapatilha e Touca,400,18/02/2021
GO,Sapatilha e Touca,600,25/03/2020
GO,Sapatilha e Touca,700,19/03/2020
GO,Sapatilha e Touca,1000,19/03/2020
GO,Sapatilha e Touca,1100,28/03/2020
GO,Sapatilha e Touca,3300,31/03/2020
GO,Sapatilha e Touca,3600,24/03/2021
GO,Sapatilha e Touca,4000,23/04/2020
GO,Sapatilha e Touca,4000,05/06/2020
GO,Sapatilha e Touca,4000,10/06/2020
GO,Sapatilha e Touca,8000,10/06/2020
GO,Sapatilha e Touca,9700,28/03/2020
GO,Sapatilha e Touca,11000,08/10/2020
GO,Sapatilha e Touca,11200,15/04/2020
GO,Sapatilha e Touca,11800,24/03/2021
GO,Sapatilha e Touca,11900,08/10/2020
GO,Sapatilha e Touca,14400,30/04/2020
GO,Sapatilha e Touca,20000,04/06/2020
GO,Sapatilha e Touca,24000,14/05/2020
GO,Sapatilha e Touca,38700,22/05/2020
GO,Sapatilha e Touca,76000,08/10/2020
GO,Sapatilha e Touca,400000,31/03/2020
MA,Avental,25,15/04/2020
MA,Avental,247,15/04/2020
MA,Avental,400,14/05/2020
MA,Avental,1125,15/04/2020
MA,Avental,1400,28/03/2020
MA,Avental,1560,30/04/2020
MA,Avental,2500,22/05/2020
MA,Avental,6630,30/04/2020
MA,Avental,10050,15/04/2020
MA,Avental,10500,14/05/2020
MA,Avental,10560,23/04/2020
MA,Avental,21000,14/05/2020
MA,Avental,23100,21/03/2020
MA,Sapatilha e Touca,100,24/03/2021
MA,Sapatilha e Touca,400,14/05/2020
MA,Sapatilha e Touca,600,25/03/2020
MA,Sapatilha e Touca,700,19/03/2020
MA,Sapatilha e Touca,1000,19/03/2020
MA,Sapatilha e Touca,1000,14/05/2020
MA,Sapatilha e Touca,1100,28/03/2020
MA,Sapatilha e Touca,2500,24/03/2021
MA,Sapatilha e Touca,3400,31/03/2020
MA,Sapatilha e Touca,4000,23/04/2020
MA,Sapatilha e Touca,4000,05/06/2020
MA,Sapatilha e Touca,4000,10/06/2020
MA,Sapatilha e Touca,5100,30/04/2020
MA,Sapatilha e Touca,6400,08/10/2020
MA,Sapatilha e Touca,8000,10/06/2020
MA,Sapatilha e Touca,9800,28/03/2020
MA,Sapatilha e Touca,10000,08/10/2020
MA,Sapatilha e Touca,10500,30/04/2020
MA,Sapatilha e Touca,10600,04/06/2020
MA,Sapatilha e Touca,12200,15/04/2020
MA,Sapatilha e Touca,15200,24/03/2021
MA,Sapatilha e Touca,17400,04/06/2020
MA,Sapatilha e Touca,26600,14/05/2020
MA,Sapatilha e Touca,32600,08/10/2020
MA,Sapatilha e Touca,44700,22/05/2020
MA,Sapatilha e Touca,65300,08/10/2020
MA,Sapatilha e Touca,400000,31/03/2020
MG,Avental,400,15/04/2020
MG,Avental,919,15/04/2020
MG,Avental,2625,14/05/2020
MG,Avental,4250,15/04/2020
MG,Avental,4900,28/03/2020
MG,Avental,6120,30/04/2020
MG,Avental,7305,22/05/2020
MG,Avental,24650,30/04/2020
MG,Avental,28800,14/05/2020
MG,Avental,40000,23/04/2020
MG,Avental,41300,15/04/2020
MG,Avental,70000,21/03/2020
MG,Avental,76000,14/05/2020
MG,Sapatilha e Touca,300,26/02/2021
MG,Sapatilha e Touca,1000,19/03/2020
MG,Sapatilha e Touca,1100,25/03/2020
MG,Sapatilha e Touca,2000,19/03/2020
MG,Sapatilha e Touca,2000,08/10/2020
MG,Sapatilha e Touca,3200,28/03/2020
MG,Sapatilha e Touca,4000,10/06/2020
MG,Sapatilha e Touca,8200,24/03/2021
MG,Sapatilha e Touca,8700,24/03/2021
MG,Sapatilha e Touca,10000,24/03/2021
MG,Sapatilha e Touca,10100,31/03/2020
MG,Sapatilha e Touca,16000,05/06/2020
MG,Sapatilha e Touca,24000,23/04/2020
MG,Sapatilha e Touca,25000,24/03/2021
MG,Sapatilha e Touca,28000,10/06/2020
MG,Sapatilha e Touca,29200,28/03/2020
MG,Sapatilha e Touca,45300,15/04/2020
MG,Sapatilha e Touca,50500,08/10/2020
MG,Sapatilha e Touca,58100,30/04/2020
MG,Sapatilha e Touca,81000,08/10/2020
MG,Sapatilha e Touca,84000,04/06/2020
MG,Sapatilha e Touca,88000,14/05/2020
MG,Sapatilha e Touca,130400,22/05/2020
MG,Sapatilha e Touca,200000,08/10/2020
MG,Sapatilha e Touca,1200000,31/03/2020
MS,Avental,132,15/04/2020
MS,Avental,175,14/05/2020
MS,Avental,400,15/04/2020
MS,Avental,600,15/04/2020
MS,Avental,700,28/03/2020
MS,Avental,700,14/05/2020
MS,Avental,725,15/04/2020
MS,Avental,840,30/04/2020
MS,Avental,1150,22/05/2020
MS,Avental,1275,14/05/2020
MS,Avental,1725,15/04/2020
MS,Avental,2550,15/04/2020
MS,Avental,3375,14/05/2020
MS,Avental,3560,30/04/2020
MS,Avental,5760,23/04/2020
MS,Avental,9100,21/03/2020
MS,Avental,11000,14/05/2020
MS,Sapatilha e Touca,300,19/03/2020
MS,Sapatilha e Touca,400,28/03/2020
MS,Sapatilha e Touca,500,25/03/2020
MS,Sapatilha e Touca,1000,19/03/2020
MS,Sapatilha e Touca,1000,24/03/2021
MS,Sapatilha e Touca,1300,31/03/2020
MS,Sapatilha e Touca,1400,24/03/2021
MS,Sapatilha e Touca,2200,14/05/2020
MS,Sapatilha e Touca,2400,24/03/2021
MS,Sapatilha e Touca,3300,08/10/2020
MS,Sapatilha e Touca,3500,24/03/2021
MS,Sapatilha e Touca,3800,28/03/2020
MS,Sapatilha e Touca,4000,23/04/2020
MS,Sapatilha e Touca,4000,14/05/2020
MS,Sapatilha e Touca,4000,05/06/2020
MS,Sapatilha e Touca,4000,10/06/2020
MS,Sapatilha e Touca,5800,14/05/2020
MS,Sapatilha e Touca,6500,15/04/2020
MS,Sapatilha e Touca,8000,04/06/2020
MS,Sapatilha e Touca,8400,30/04/2020
MS,Sapatilha e Touca,20500,22/05/2020
MS,Sapatilha e Touca,21200,08/10/2020
MS,Sapatilha e Touca,28000,08/10/2020
MS,Sapatilha e Touca,160000,31/03/2020
MT,Avental,123,15/04/2020
MT,Avental,450,15/04/2020
MT,Avental,500,15/04/2020
MT,Avental,550,15/04/2020
MT,Avental,700,28/03/2020
MT,Avental,700,14/05/2020
MT,Avental,720,30/04/2020
MT,Avental,750,15/04/2020
MT,Avental,950,15/04/2020
MT,Avental,1000,15/04/2020
MT,Avental,1120,22/05/2020
MT,Avental,1600,14/05/2020
MT,Avental,1950,15/04/2020
MT,Avental,3225,14/05/2020
MT,Avental,3320,30/04/2020
MT,Avental,5120,23/04/2020
MT,Avental,11000,14/05/2020
MT,Avental,11200,21/03/2020
MT,Sapatilha e Touca,300,19/03/2020
MT,Sapatilha e Touca,500,25/03/2020
MT,Sapatilha e Touca,500,28/03/2020
MT,Sapatilha e Touca,1000,19/03/2020
MT,Sapatilha e Touca,1400,28/03/2020
MT,Sapatilha e Touca,1400,24/03/2021
MT,Sapatilha e Touca,1700,31/03/2020
MT,Sapatilha e Touca,3000,14/05/2020
MT,Sapatilha e Touca,3400,28/03/2020
MT,Sapatilha e Touca,4000,23/04/2020
MT,Sapatilha e Touca,4000,14/05/2020
MT,Sapatilha e Touca,4000,05/06/2020
MT,Sapatilha e Touca,4000,10/06/2020
MT,Sapatilha e Touca,5000,14/05/2020
MT,Sapatilha e Touca,6100,15/04/2020
MT,Sapatilha e Touca,6600,24/03/2021
MT,Sapatilha e Touca,7800,30/04/2020
MT,Sapatilha e Touca,8900,08/10/2020
MT,Sapatilha e Touca,9200,22/05/2020
MT,Sapatilha e Touca,10800,22/05/2020
MT,Sapatilha e Touca,12000,04/06/2020
MT,Sapatilha e Touca,20000,08/10/2020
MT,Sapatilha e Touca,200000,31/03/2020
Órgãos Federais,Avental,10,04/09/2020
Órgãos Federais,Avental,10,09/09/2020
Órgãos Federais,Avental,20,20/05/2020
Órgãos Federais,Avental,20,26/08/2020
Órgãos Federais,Avental,20,04/09/2020
Órgãos Federais,Avental,25,24/04/2020
Órgãos Federais,Avental,25,20/05/2020
Órgãos Federais,Avental,30,20/07/2020
Órgãos Federais,Avental,30,26/08/2020
Órgãos Federais,Avental,40,20/05/2020
Órgãos Federais,Avental,50,30/04/2020
Órgãos Federais,Avental,50,14/05/2020
Órgãos Federais,Avental,50,20/05/2020
Órgãos Federais,Avental,75,20/05/2020
Órgãos Federais,Avental,90,20/05/2020
Órgãos Federais,Avental,90,23/05/2020
Órgãos Federais,Avental,100,20/05/2020
Órgãos Federais,Avental,100,22/05/2020
Órgãos Federais,Avental,100,10/06/2020
Órgãos Federais,Avental,100,24/06/2020
Órgãos Federais,Avental,100,31/07/2020
Órgãos Federais,Avental,120,04/06/2020
Órgãos Federais,Avental,120,16/07/2020
Órgãos Federais,Avental,122,15/04/2020
Órgãos Federais,Avental,150,07/05/2020
Órgãos Federais,Avental,150,11/05/2020
Órgãos Federais,Avental,150,20/05/2020
Órgãos Federais,Avental,200,20/05/2020
Órgãos Federais,Avental,200,24/06/2020
Órgãos Federais,Avental,200,09/04/2021
Órgãos Federais,Avental,225,23/06/2020
Órgãos Federais,Avental,240,04/06/2020
Órgãos Federais,Avental,250,20/05/2020
Órgãos Federais,Avental,300,10/06/2020
Órgãos Federais,Avental,310,15/04/2020
Órgãos Federais,Avental,328,11/05/2020
Órgãos Federais,Avental,340,20/05/2020
Órgãos Federais,Avental,360,04/06/2020
Órgãos Federais,Avental,370,25/05/2020
Órgãos Federais,Avental,400,10/06/2020
Órgãos Federais,Avental,440,20/05/2020
Órgãos Federais,Avental,490,20/05/2020
Órgãos Federais,Avental,510,11/05/2020
Órgãos Federais,Avental,550,15/04/2020
Órgãos Federais,Avental,600,14/05/2020
Órgãos Federais,Avental,720,30/04/2020
Órgãos Federais,Avental,1000,30/04/2020
Órgãos Federais,Avental,1425,15/04/2020
Órgãos Federais,Avental,1440,21/07/2020
Órgãos Federais,Avental,1550,30/04/2020
Órgãos Federais,Avental,1800,30/04/2020
Órgãos Federais,Avental,1800,14/05/2020
Órgãos Federais,Avental,1800,04/06/2020
Órgãos Federais,Avental,2040,04/05/2020
Órgãos Federais,Avental,2560,24/04/2020
Órgãos Federais,Avental,2800,10/06/2020
Órgãos Federais,Avental,2880,24/04/2020
Órgãos Federais,Avental,3000,14/05/2020
Órgãos Federais,Avental,3000,04/06/2020
Órgãos Federais,Avental,3050,30/04/2020
Órgãos Federais,Avental,3150,30/04/2020
Órgãos Federais,Avental,3210,31/05/2020
Órgãos Federais,Avental,3280,30/04/2020
Órgãos Federais,Avental,3300,30/04/2020
Órgãos Federais,Avental,3840,24/04/2020
Órgãos Federais,Avental,4080,11/05/2020
Órgãos Federais,Avental,4400,14/05/2020
Órgãos Federais,Avental,5000,04/06/2020
Órgãos Federais,Avental,5120,23/04/2020
Órgãos Federais,Avental,5540,15/04/2020
Órgãos Federais,Avental,6400,30/04/2020
Órgãos Federais,Avental,8330,04/05/2020
Órgãos Federais,Avental,9200,28/04/2020
Órgãos Federais,Avental,9280,24/04/2020
Órgãos Federais,Avental,9450,30/04/2020
Órgãos Federais,Avental,9818,11/05/2020
Órgãos Federais,Avental,10680,24/04/2020
Órgãos Federais,Avental,11200,10/06/2020
Órgãos Federais,Avental,13320,24/04/2020
Órgãos Federais,Avental,14020,15/04/2020
Órgãos Federais,Avental,14040,15/04/2020
Órgãos Federais,Avental,16320,24/04/2020
Órgãos Federais,Avental,26880,23/04/2020
Órgãos Federais,Avental,31320,24/04/2020
Órgãos Federais,Avental,57400,21/03/2020
Órgãos Federais,Sapatilha e Touca,100,08/05/2020
Órgãos Federais,Sapatilha e Touca,100,22/05/2020
Órgãos Federais,Sapatilha e Touca,100,25/05/2020
Órgãos Federais,Sapatilha e Touca,100,15/08/2020
Órgãos Federais,Sapatilha e Touca,100,26/08/2020
Órgãos Federais,Sapatilha e Touca,100,16/09/2020
Órgãos Federais,Sapatilha e Touca,100,14/10/2020
Órgãos Federais,Sapatilha e Touca,100,30/10/2020
Órgãos Federais,Sapatilha e Touca,100,02/02/2021
Órgãos Federais,Sapatilha e Touca,200,25/05/2020
Órgãos Federais,Sapatilha e Touca,200,31/07/2020
Órgãos Federais,Sapatilha e Touca,200,15/08/2020
Órgãos Federais,Sapatilha e Touca,200,04/09/2020
Órgãos Federais,Sapatilha e Touca,200,09/09/2020
Órgãos Federais,Sapatilha e Touca,200,14/10/2020
Órgãos Federais,Sapatilha e Touca,200,29/10/2020
Órgãos Federais,Sapatilha e Touca,200,30/10/2020
Órgãos Federais,Sapatilha e Touca,300,25/05/2020
Órgãos Federais,Sapatilha e Touca,300,31/07/2020
Órgãos Federais,Sapatilha e Touca,300,15/08/2020
Órgãos Federais,Sapatilha e Touca,300,14/10/2020
Órgãos Federais,Sapatilha e Touca,300,25/10/2020
Órgãos Federais,Sapatilha e Touca,300,26/10/2020
Órgãos Federais,Sapatilha e Touca,300,30/10/2020
Órgãos Federais,Sapatilha e Touca,400,25/05/2020
Órgãos Federais,Sapatilha e Touca,400,09/09/2020
Órgãos Federais,Sapatilha e Touca,400,08/10/2020
Órgãos Federais,Sapatilha e Touca,400,14/10/2020
Órgãos Federais,Sapatilha e Touca,500,14/05/2020
Órgãos Federais,Sapatilha e Touca,500,25/05/2020
Órgãos Federais,Sapatilha e Touca,500,14/10/2020
Órgãos Federais,Sapatilha e Touca,600,14/05/2020
Órgãos Federais,Sapatilha e Touca,600,25/05/2020
Órgãos Federais,Sapatilha e Touca,600,14/10/2020
Órgãos Federais,Sapatilha e Touca,700,31/03/2020
Órgãos Federais,Sapatilha e Touca,700,14/10/2020
Órgãos Federais,Sapatilha e Touca,800,14/05/2020
Órgãos Federais,Sapatilha e Touca,800,25/05/2020
Órgãos Federais,Sapatilha e Touca,800,21/07/2020
Órgãos Federais,Sapatilha e Touca,800,24/07/2020
Órgãos Federais,Sapatilha e Touca,800,14/10/2020
Órgãos Federais,Sapatilha e Touca,800,26/03/2021
Órgãos Federais,Sapatilha e Touca,900,24/06/2020
Órgãos Federais,Sapatilha e Touca,900,15/08/2020
Órgãos Federais,Sapatilha e Touca,900,26/08/2020
Órgãos Federais,Sapatilha e Touca,900,14/10/2020
Órgãos Federais,Sapatilha e Touca,1000,19/03/2020
Órgãos Federais,Sapatilha e Touca,1000,15/08/2020
Órgãos Federais,Sapatilha e Touca,1000,26/08/2020
Órgãos Federais,Sapatilha e Touca,1100,14/05/2020
Órgãos Federais,Sapatilha e Touca,1200,14/10/2020
Órgãos Federais,Sapatilha e Touca,1400,14/05/2020
Órgãos Federais,Sapatilha e Touca,1400,24/06/2020
Órgãos Federais,Sapatilha e Touca,1400,14/10/2020
Órgãos Federais,Sapatilha e Touca,1600,23/05/2020
Órgãos Federais,Sapatilha e Touca,1700,14/10/2020
Órgãos Federais,Sapatilha e Touca,2000,19/03/2020
Órgãos Federais,Sapatilha e Touca,2000,23/06/2020
Órgãos Federais,Sapatilha e Touca,2000,15/08/2020
Órgãos Federais,Sapatilha e Touca,2100,24/06/2020
Órgãos Federais,Sapatilha e Touca,2500,14/05/2020
Órgãos Federais,Sapatilha e Touca,3100,24/06/2020
Órgãos Federais,Sapatilha e Touca,4000,23/04/2020
Órgãos Federais,Sapatilha e Touca,4000,14/05/2020
Órgãos Federais,Sapatilha e Touca,4000,20/05/2020
Órgãos Federais,Sapatilha e Touca,4000,31/05/2020
Órgãos Federais,Sapatilha e Touca,4000,04/06/2020
Órgãos Federais,Sapatilha e Touca,4000,05/06/2020
Órgãos Federais,Sapatilha e Touca,4000,08/06/2020
Órgãos Federais,Sapatilha e Touca,4000,10/06/2020
Órgãos Federais,Sapatilha e Touca,4000,12/06/2020
Órgãos Federais,Sapatilha e Touca,5000,28/12/2020
Órgãos Federais,Sapatilha e Touca,6000,15/04/2020
Órgãos Federais,Sapatilha e Touca,8000,04/06/2020
Órgãos Federais,Sapatilha e Touca,8000,10/06/2020
Órgãos Federais,Sapatilha e Touca,8100,24/06/2020
Órgãos Federais,Sapatilha e Touca,15000,28/12/2020
Órgãos Federais,Sapatilha e Touca,15200,26/03/2021
Órgãos Federais,Sapatilha e Touca,15300,15/04/2020
Órgãos Federais,Sapatilha e Touca,16000,23/04/2020
Órgãos Federais,Sapatilha e Touca,16000,11/05/2020
Órgãos Federais,Sapatilha e Touca,16800,20/04/2020
Órgãos Federais,Sapatilha e Touca,19600,04/05/2020
Órgãos Federais,Sapatilha e Touca,36000,24/06/2020
Órgãos Federais,Sapatilha e Touca,72000,15/07/2020
Órgãos Federais,Sapatilha e Touca,90000,31/03/2020
PA,Avental,75,14/05/2020
PA,Avental,232,15/04/2020
PA,Avental,300,14/05/2020
PA,Avental,640,23/04/2020
PA,Avental,1025,15/04/2020
PA,Avental,1075,15/04/2020
PA,Avental,1440,30/04/2020
PA,Avental,2100,28/03/2020
PA,Avental,2250,15/04/2020
PA,Avental,2295,22/05/2020
PA,Avental,3525,15/04/2020
PA,Avental,3750,15/04/2020
PA,Avental,6240,30/04/2020
PA,Avental,9280,23/04/2020
PA,Avental,9700,14/05/2020
PA,Avental,23300,14/05/2020
PA,Avental,28000,21/03/2020
PA,Avental,40000,29/04/2020
PA,Sapatilha e Touca,100,04/03/2021
PA,Sapatilha e Touca,700,24/03/2020
PA,Sapatilha e Touca,800,19/03/2020
PA,Sapatilha e Touca,1000,19/03/2020
PA,Sapatilha e Touca,1300,28/03/2020
PA,Sapatilha e Touca,1600,26/02/2021
PA,Sapatilha e Touca,1600,24/03/2021
PA,Sapatilha e Touca,2200,14/05/2020
PA,Sapatilha e Touca,4000,23/04/2020
PA,Sapatilha e Touca,4000,05/06/2020
PA,Sapatilha e Touca,4000,10/06/2020
PA,Sapatilha e Touca,4100,31/03/2020
PA,Sapatilha e Touca,4700,30/04/2020
PA,Sapatilha e Touca,8000,10/06/2020
PA,Sapatilha e Touca,10000,30/04/2020
PA,Sapatilha e Touca,10500,08/10/2020
PA,Sapatilha e Touca,11400,15/04/2020
PA,Sapatilha e Touca,11900,28/03/2020
PA,Sapatilha e Touca,14700,24/03/2021
PA,Sapatilha e Touca,21800,14/05/2020
PA,Sapatilha e Touca,28000,04/06/2020
PA,Sapatilha e Touca,40000,29/04/2020
PA,Sapatilha e Touca,41000,22/05/2020
PA,Sapatilha e Touca,94300,08/10/2020
PA,Sapatilha e Touca,490000,31/03/2020
PB,Avental,156,15/04/2020
PB,Avental,575,15/04/2020
PB,Avental,700,28/03/2020
PB,Avental,700,15/04/2020
PB,Avental,850,15/04/2020
PB,Avental,960,30/04/2020
PB,Avental,1595,22/05/2020
PB,Avental,2025,15/04/2020
PB,Avental,2250,14/05/2020
PB,Avental,3600,15/04/2020
PB,Avental,4190,30/04/2020
PB,Avental,4200,14/05/2020
PB,Avental,6720,23/04/2020
PB,Avental,13300,21/03/2020
PB,Avental,15600,14/05/2020
PB,Sapatilha e Touca,400,19/03/2020
PB,Sapatilha e Touca,500,25/03/2020
PB,Sapatilha e Touca,600,28/03/2020
PB,Sapatilha e Touca,600,24/03/2021
PB,Sapatilha e Touca,1000,19/03/2020
PB,Sapatilha e Touca,1000,14/05/2020
PB,Sapatilha e Touca,1900,31/03/2020
PB,Sapatilha e Touca,4000,23/04/2020
PB,Sapatilha e Touca,4000,05/06/2020
PB,Sapatilha e Touca,4000,10/06/2020
PB,Sapatilha e Touca,5000,14/05/2020
PB,Sapatilha e Touca,5500,28/03/2020
PB,Sapatilha e Touca,7700,15/04/2020
PB,Sapatilha e Touca,7900,24/03/2021
PB,Sapatilha e Touca,9800,30/04/2020
PB,Sapatilha e Touca,10000,14/05/2020
PB,Sapatilha e Touca,16000,04/06/2020
PB,Sapatilha e Touca,18600,08/10/2020
PB,Sapatilha e Touca,28500,22/05/2020
PB,Sapatilha e Touca,54300,08/10/2020
PB,Sapatilha e Touca,230000,31/03/2020
PE,Avental,344,15/04/2020
PE,Avental,1575,15/04/2020
PE,Avental,2100,28/03/2020
PE,Avental,2280,30/04/2020
PE,Avental,3170,22/05/2020
PE,Avental,9220,30/04/2020
PE,Avental,12800,14/05/2020
PE,Avental,14720,23/04/2020
PE,Avental,15600,15/04/2020
PE,Avental,31000,14/05/2020
PE,Avental,31500,21/03/2020
PE,Sapatilha e Touca,700,25/03/2020
PE,Sapatilha e Touca,900,19/03/2020
PE,Sapatilha e Touca,1000,19/03/2020
PE,Sapatilha e Touca,1400,28/03/2020
PE,Sapatilha e Touca,2700,25/03/2021
PE,Sapatilha e Touca,4000,05/06/2020
PE,Sapatilha e Touca,4000,10/06/2020
PE,Sapatilha e Touca,4600,31/03/2020
PE,Sapatilha e Touca,8000,23/04/2020
PE,Sapatilha e Touca,10000,10/04/2020
PE,Sapatilha e Touca,12000,10/06/2020
PE,Sapatilha e Touca,13200,28/03/2020
PE,Sapatilha e Touca,16900,15/04/2020
PE,Sapatilha e Touca,17200,08/10/2020
PE,Sapatilha e Touca,19800,24/03/2021
PE,Sapatilha e Touca,21700,30/04/2020
PE,Sapatilha e Touca,32000,14/05/2020
PE,Sapatilha e Touca,36000,04/06/2020
PE,Sapatilha e Touca,56600,22/05/2020
PE,Sapatilha e Touca,127500,08/10/2020
PE,Sapatilha e Touca,540000,31/03/2020
PI,Avental,127,15/04/2020
PI,Avental,575,15/04/2020
PI,Avental,640,15/04/2020
PI,Avental,700,28/03/2020
PI,Avental,780,15/04/2020
PI,Avental,840,30/04/2020
PI,Avental,900,15/04/2020
PI,Avental,1210,22/05/2020
PI,Avental,1950,14/05/2020
PI,Avental,3100,14/05/2020
PI,Avental,3400,30/04/2020
PI,Avental,3425,15/04/2020
PI,Avental,5440,23/04/2020
PI,Avental,10500,21/03/2020
PI,Avental,12200,14/05/2020
PI,Sapatilha e Touca,300,19/03/2020
PI,Sapatilha e Touca,500,25/03/2020
PI,Sapatilha e Touca,500,28/03/2020
PI,Sapatilha e Touca,1000,19/03/2020
PI,Sapatilha e Touca,1400,15/04/2020
PI,Sapatilha e Touca,1600,31/03/2020
PI,Sapatilha e Touca,2900,24/03/2021
PI,Sapatilha e Touca,4000,23/04/2020
PI,Sapatilha e Touca,4000,05/06/2020
PI,Sapatilha e Touca,4000,10/06/2020
PI,Sapatilha e Touca,4500,28/03/2020
PI,Sapatilha e Touca,4800,15/04/2020
PI,Sapatilha e Touca,5700,24/03/2021
PI,Sapatilha e Touca,6400,08/10/2020
PI,Sapatilha e Touca,8000,30/04/2020
PI,Sapatilha e Touca,8000,04/06/2020
PI,Sapatilha e Touca,10000,10/04/2020
PI,Sapatilha e Touca,12000,14/05/2020
PI,Sapatilha e Touca,15000,08/10/2020
PI,Sapatilha e Touca,15400,08/10/2020
PI,Sapatilha e Touca,18300,08/10/2020
PI,Sapatilha e Touca,21600,22/05/2020
PI,Sapatilha e Touca,40000,31/03/2020
PI,Sapatilha e Touca,150000,31/03/2020
PR,Avental,50,14/05/2020
PR,Avental,465,15/04/2020
PR,Avental,2125,15/04/2020
PR,Avental,2475,14/05/2020
PR,Avental,2800,28/03/2020
PR,Avental,3000,30/04/2020
PR,Avental,3505,22/05/2020
PR,Avental,11300,14/05/2020
PR,Avental,12460,30/04/2020
PR,Avental,20160,23/04/2020
PR,Avental,21040,15/04/2020
PR,Avental,33400,14/05/2020
PR,Avental,37800,21/03/2020
PR,Sapatilha e Touca,800,25/03/2020
PR,Sapatilha e Touca,1000,19/03/2020
PR,Sapatilha e Touca,1100,19/03/2020
PR,Sapatilha e Touca,1700,28/03/2020
PR,Sapatilha e Touca,2500,24/03/2021
PR,Sapatilha e Touca,4000,05/06/2020
PR,Sapatilha e Touca,4000,10/06/2020
PR,Sapatilha e Touca,4600,05/03/2021
PR,Sapatilha e Touca,5000,05/03/2021
PR,Sapatilha e Touca,5400,31/03/2020
PR,Sapatilha e Touca,10000,10/04/2020
PR,Sapatilha e Touca,12000,23/04/2020
PR,Sapatilha e Touca,12700,05/03/2021
PR,Sapatilha e Touca,15800,28/03/2020
PR,Sapatilha e Touca,16000,10/06/2020
PR,Sapatilha e Touca,16000,08/10/2020
PR,Sapatilha e Touca,22400,24/03/2021
PR,Sapatilha e Touca,22900,15/04/2020
PR,Sapatilha e Touca,29400,30/04/2020
PR,Sapatilha e Touca,36000,14/05/2020
PR,Sapatilha e Touca,43900,08/10/2020
PR,Sapatilha e Touca,44000,04/06/2020
PR,Sapatilha e Touca,62500,22/05/2020
PR,Sapatilha e Touca,100000,08/10/2020
PR,Sapatilha e Touca,650000,31/03/2020
RJ,Avental,645,15/04/2020
RJ,Avental,1000,07/05/2020
RJ,Avental,2975,15/04/2020
RJ,Avental,4200,28/03/2020
RJ,Avental,4320,30/04/2020
RJ,Avental,6435,22/05/2020
RJ,Avental,17310,30/04/2020
RJ,Avental,27840,23/04/2020
RJ,Avental,29240,15/04/2020
RJ,Sapatilha e Touca,400,15/04/2020
RJ,Sapatilha e Touca,1000,19/03/2020
RJ,Sapatilha e Touca,1000,28/03/2020
RJ,Sapatilha e Touca,1600,19/03/2020
RJ,Sapatilha e Touca,2600,28/03/2020
RJ,Sapatilha e Touca,4000,07/05/2020
RJ,Sapatilha e Touca,4000,22/05/2020
RJ,Sapatilha e Touca,5300,24/03/2021
RJ,Sapatilha e Touca,8200,31/03/2020
RJ,Sapatilha e Touca,10000,10/04/2020
RJ,Sapatilha e Touca,12000,10/06/2020
RJ,Sapatilha e Touca,14000,24/03/2021
RJ,Sapatilha e Touca,16000,23/04/2020
RJ,Sapatilha e Touca,16000,10/06/2020
RJ,Sapatilha e Touca,23800,28/03/2020
RJ,Sapatilha e Touca,26400,24/03/2021
RJ,Sapatilha e Touca,31400,15/04/2020
RJ,Sapatilha e Touca,36000,05/06/2020
RJ,Sapatilha e Touca,40800,30/04/2020
RJ,Sapatilha e Touca,52000,04/06/2020
RJ,Sapatilha e Touca,124100,08/10/2020
RJ,Sapatilha e Touca,155300,03/12/2020
RJ,Sapatilha e Touca,980000,31/03/2020
RN,Avental,136,15/04/2020
RN,Avental,500,14/05/2020
RN,Avental,560,15/04/2020
RN,Avental,625,15/04/2020
RN,Avental,700,28/03/2020
RN,Avental,840,30/04/2020
RN,Avental,1295,22/05/2020
RN,Avental,2240,15/04/2020
RN,Avental,2400,14/05/2020
RN,Avental,2700,14/05/2020
RN,Avental,3340,15/04/2020
RN,Avental,3650,30/04/2020
RN,Avental,5760,23/04/2020
RN,Avental,11200,21/03/2020
RN,Avental,13700,14/05/2020
RN,Sapatilha e Touca,300,19/03/2020
RN,Sapatilha e Touca,500,25/03/2020
RN,Sapatilha e Touca,500,28/03/2020
RN,Sapatilha e Touca,1000,19/03/2020
RN,Sapatilha e Touca,1700,31/03/2020
RN,Sapatilha e Touca,2200,24/03/2021
RN,Sapatilha e Touca,4000,23/04/2020
RN,Sapatilha e Touca,4000,05/06/2020
RN,Sapatilha e Touca,4000,10/06/2020
RN,Sapatilha e Touca,4300,08/10/2020
RN,Sapatilha e Touca,4800,28/03/2020
RN,Sapatilha e Touca,6700,15/04/2020
RN,Sapatilha e Touca,7000,24/03/2021
RN,Sapatilha e Touca,8600,30/04/2020
RN,Sapatilha e Touca,10000,08/10/2020
RN,Sapatilha e Touca,12000,14/05/2020
RN,Sapatilha e Touca,12000,04/06/2020
RN,Sapatilha e Touca,23100,22/05/2020
RN,Sapatilha e Touca,44900,08/10/2020
RN,Sapatilha e Touca,200000,31/03/2020
RO,Avental,69,15/04/2020
RO,Avental,80,23/04/2020
RO,Avental,300,15/04/2020
RO,Avental,360,30/04/2020
RO,Avental,620,23/04/2020
RO,Avental,675,22/05/2020
RO,Avental,700,28/03/2020
RO,Avental,1860,30/04/2020
RO,Avental,2240,23/04/2020
RO,Avental,3000,14/05/2020
RO,Avental,3120,15/04/2020
RO,Avental,5600,21/03/2020
RO,Avental,7300,14/05/2020
RO,Avental,60000,11/05/2021
RO,Sapatilha e Touca,200,19/03/2020
RO,Sapatilha e Touca,200,26/02/2021
RO,Sapatilha e Touca,300,28/03/2020
RO,Sapatilha e Touca,300,31/03/2020
RO,Sapatilha e Touca,400,25/03/2020
RO,Sapatilha e Touca,400,28/03/2020
RO,Sapatilha e Touca,500,31/03/2020
RO,Sapatilha e Touca,1000,19/03/2020
RO,Sapatilha e Touca,1000,20/01/2021
RO,Sapatilha e Touca,1200,08/10/2020
RO,Sapatilha e Touca,2100,28/03/2020
RO,Sapatilha e Touca,3400,15/04/2020
RO,Sapatilha e Touca,3500,08/10/2020
RO,Sapatilha e Touca,4000,23/04/2020
RO,Sapatilha e Touca,4000,05/06/2020
RO,Sapatilha e Touca,4000,10/06/2020
RO,Sapatilha e Touca,4100,24/03/2021
RO,Sapatilha e Touca,4400,30/04/2020
RO,Sapatilha e Touca,8000,14/05/2020
RO,Sapatilha e Touca,8000,04/06/2020
RO,Sapatilha e Touca,12000,22/05/2020
RO,Sapatilha e Touca,26100,08/10/2020
RO,Sapatilha e Touca,100000,31/03/2020
RR,Avental,29,15/04/2020
RR,Avental,120,30/04/2020
RR,Avental,125,15/04/2020
RR,Avental,210,23/05/2020
RR,Avental,700,21/03/2020
RR,Avental,700,28/03/2020
RR,Avental,780,30/04/2020
RR,Avental,960,23/04/2020
RR,Avental,1300,15/04/2020
RR,Avental,1375,14/05/2020
RR,Avental,3300,14/05/2020
RR,Sapatilha e Touca,100,19/03/2020
RR,Sapatilha e Touca,100,28/03/2020
RR,Sapatilha e Touca,100,31/03/2020
RR,Sapatilha e Touca,300,31/03/2020
RR,Sapatilha e Touca,400,25/03/2020
RR,Sapatilha e Touca,500,24/03/2021
RR,Sapatilha e Touca,600,24/03/2021
RR,Sapatilha e Touca,700,24/03/2021
RR,Sapatilha e Touca,800,28/03/2020
RR,Sapatilha e Touca,1000,19/03/2020
RR,Sapatilha e Touca,1000,24/03/2021
RR,Sapatilha e Touca,1400,15/04/2020
RR,Sapatilha e Touca,1800,30/04/2020
RR,Sapatilha e Touca,3600,23/05/2020
RR,Sapatilha e Touca,4000,23/04/2020
RR,Sapatilha e Touca,4000,04/06/2020
RR,Sapatilha e Touca,4000,10/06/2020
RR,Sapatilha e Touca,4000,12/06/2020
RR,Sapatilha e Touca,4000,08/10/2020
RR,Sapatilha e Touca,9800,08/10/2020
RR,Sapatilha e Touca,30000,31/03/2020
RS,Avental,450,14/05/2020
RS,Avental,534,15/04/2020
RS,Avental,2450,15/04/2020
RS,Avental,2800,28/03/2020
RS,Avental,3365,22/05/2020
RS,Avental,3480,30/04/2020
RS,Avental,8640,15/04/2020
RS,Avental,12640,15/04/2020
RS,Avental,13000,14/05/2020
RS,Avental,14340,30/04/2020
RS,Avental,23040,23/04/2020
RS,Avental,32500,14/05/2020
RS,Avental,37800,21/03/2020
RS,Sapatilha e Touca,100,24/03/2021
RS,Sapatilha e Touca,400,05/03/2021
RS,Sapatilha e Touca,800,28/03/2020
RS,Sapatilha e Touca,1000,19/03/2020
RS,Sapatilha e Touca,1000,24/03/2021
RS,Sapatilha e Touca,1100,19/03/2020
RS,Sapatilha e Touca,1700,28/03/2020
RS,Sapatilha e Touca,2900,08/10/2020
RS,Sapatilha e Touca,4000,10/06/2020
RS,Sapatilha e Touca,4500,24/03/2021
RS,Sapatilha e Touca,5000,05/03/2021
RS,Sapatilha e Touca,5400,31/03/2020
RS,Sapatilha e Touca,8000,05/06/2020
RS,Sapatilha e Touca,9000,14/05/2020
RS,Sapatilha e Touca,10000,10/04/2020
RS,Sapatilha e Touca,12000,23/04/2020
RS,Sapatilha e Touca,12000,10/06/2020
RS,Sapatilha e Touca,13000,05/03/2021
RS,Sapatilha e Touca,15700,28/03/2020
RS,Sapatilha e Touca,18400,24/03/2021
RS,Sapatilha e Touca,26300,15/04/2020
RS,Sapatilha e Touca,27000,14/05/2020
RS,Sapatilha e Touca,32500,08/10/2020
RS,Sapatilha e Touca,33800,30/04/2020
RS,Sapatilha e Touca,36000,04/06/2020
RS,Sapatilha e Touca,60100,22/05/2020
RS,Sapatilha e Touca,118300,08/10/2020
RS,Sapatilha e Touca,650000,31/03/2020
SC,Avental,50,14/05/2020
SC,Avental,299,15/04/2020
SC,Avental,510,30/04/2020
SC,Avental,1375,15/04/2020
SC,Avental,1400,28/03/2020
SC,Avental,1410,30/04/2020
SC,Avental,2235,22/05/2020
SC,Avental,2880,23/04/2020
SC,Avental,4220,15/04/2020
SC,Avental,8020,30/04/2020
SC,Avental,8500,14/05/2020
SC,Avental,9320,15/04/2020
SC,Avental,9920,23/04/2020
SC,Avental,20600,14/05/2020
SC,Avental,23800,21/03/2020
SC,Sapatilha e Touca,100,05/03/2021
SC,Sapatilha e Touca,700,19/03/2020
SC,Sapatilha e Touca,700,24/03/2021
SC,Sapatilha e Touca,1000,25/03/2020
SC,Sapatilha e Touca,1100,28/03/2020
SC,Sapatilha e Touca,2000,19/03/2020
SC,Sapatilha e Touca,3400,31/03/2020
SC,Sapatilha e Touca,4000,05/06/2020
SC,Sapatilha e Touca,4000,10/06/2020
SC,Sapatilha e Touca,4500,08/10/2020
SC,Sapatilha e Touca,8000,23/04/2020
SC,Sapatilha e Touca,8000,10/06/2020
SC,Sapatilha e Touca,9900,28/03/2020
SC,Sapatilha e Touca,14700,15/04/2020
SC,Sapatilha e Touca,15100,05/03/2021
SC,Sapatilha e Touca,15200,24/03/2021
SC,Sapatilha e Touca,17600,08/10/2020
SC,Sapatilha e Touca,18900,30/04/2020
SC,Sapatilha e Touca,24000,14/05/2020
SC,Sapatilha e Touca,28000,04/06/2020
SC,Sapatilha e Touca,39900,22/05/2020
SC,Sapatilha e Touca,80000,08/10/2020
SC,Sapatilha e Touca,410000,31/03/2020
SE,Avental,50,14/05/2020
SE,Avental,94,15/04/2020
SE,Avental,425,15/04/2020
SE,Avental,600,30/04/2020
SE,Avental,700,28/03/2020
SE,Avental,835,22/05/2020
SE,Avental,2540,30/04/2020
SE,Avental,3200,14/05/2020
SE,Avental,3840,23/04/2020
SE,Avental,4240,15/04/2020
SE,Avental,7000,21/03/2020
SE,Avental,7900,14/05/2020
SE,Sapatilha e Touca,200,19/03/2020
SE,Sapatilha e Touca,300,28/03/2020
SE,Sapatilha e Touca,400,25/03/2020
SE,Sapatilha e Touca,900,25/03/2021
SE,Sapatilha e Touca,1000,19/03/2020
SE,Sapatilha e Touca,1000,08/10/2020
SE,Sapatilha e Touca,1100,31/03/2020
SE,Sapatilha e Touca,2300,25/03/2021
SE,Sapatilha e Touca,2700,25/03/2021
SE,Sapatilha e Touca,3000,08/10/2020
SE,Sapatilha e Touca,3200,28/03/2020
SE,Sapatilha e Touca,4000,23/04/2020
SE,Sapatilha e Touca,4000,05/06/2020
SE,Sapatilha e Touca,4000,10/06/2020
SE,Sapatilha e Touca,4600,15/04/2020
SE,Sapatilha e Touca,5800,08/10/2020
SE,Sapatilha e Touca,5900,30/04/2020
SE,Sapatilha e Touca,8000,14/05/2020
SE,Sapatilha e Touca,8000,04/06/2020
SE,Sapatilha e Touca,8000,08/10/2020
SE,Sapatilha e Touca,10000,08/10/2020
SE,Sapatilha e Touca,10200,08/10/2020
SE,Sapatilha e Touca,14900,22/05/2020
SE,Sapatilha e Touca,130000,31/03/2020
SP,Avental,20,14/05/2020
SP,Avental,1907,15/04/2020
SP,Avental,8800,15/04/2020
SP,Avental,10000,15/04/2020
SP,Avental,11200,28/03/2020
SP,Avental,12720,30/04/2020
SP,Avental,13880,22/05/2020
SP,Avental,51120,30/04/2020
SP,Avental,55900,14/05/2020
SP,Avental,76440,15/04/2020
SP,Avental,82880,23/04/2020
SP,Avental,135300,14/05/2020
SP,Avental,153300,21/03/2020
SP,Sapatilha e Touca,300,28/03/2020
SP,Sapatilha e Touca,2500,25/03/2020
SP,Sapatilha e Touca,3900,28/03/2020
SP,Sapatilha e Touca,4400,19/03/2020
SP,Sapatilha e Touca,6900,28/03/2020
SP,Sapatilha e Touca,8000,28/03/2020
SP,Sapatilha e Touca,12000,10/06/2020
SP,Sapatilha e Touca,18000,25/03/2021
SP,Sapatilha e Touca,20600,07/04/2021
SP,Sapatilha e Touca,21900,31/03/2020
SP,Sapatilha e Touca,32000,05/06/2020
SP,Sapatilha e Touca,36000,10/06/2020
SP,Sapatilha e Touca,41400,15/04/2020
SP,Sapatilha e Touca,41600,16/10/2020
SP,Sapatilha e Touca,48000,23/04/2020
SP,Sapatilha e Touca,50000,10/04/2020
SP,Sapatilha e Touca,50900,28/03/2020
SP,Sapatilha e Touca,52600,15/04/2020
SP,Sapatilha e Touca,60000,07/04/2021
SP,Sapatilha e Touca,61800,16/10/2020
SP,Sapatilha e Touca,115400,08/10/2020
SP,Sapatilha e Touca,120600,30/04/2020
SP,Sapatilha e Touca,156000,14/05/2020
SP,Sapatilha e Touca,200000,16/10/2020
SP,Sapatilha e Touca,215000,16/10/2020
SP,Sapatilha e Touca,247900,22/05/2020
SP,Sapatilha e Touca,2570000,31/03/2020
TO,Avental,83,15/04/2020
TO,Avental,375,15/04/2020
TO,Avental,480,30/04/2020
TO,Avental,700,28/03/2020
TO,Avental,860,22/05/2020
TO,Avental,1000,15/04/2020
TO,Avental,2240,30/04/2020
TO,Avental,2800,15/04/2020
TO,Avental,3520,23/04/2020
TO,Avental,3600,14/05/2020
TO,Avental,4900,21/03/2020
TO,Avental,8800,14/05/2020
TO,Sapatilha e Touca,100,19/03/2020
TO,Sapatilha e Touca,400,25/03/2020
TO,Sapatilha e Touca,400,28/03/2020
TO,Sapatilha e Touca,500,25/03/2021
TO,Sapatilha e Touca,700,31/03/2020
TO,Sapatilha e Touca,1000,19/03/2020
TO,Sapatilha e Touca,2200,28/03/2020
TO,Sapatilha e Touca,4000,23/04/2020
TO,Sapatilha e Touca,4000,05/06/2020
TO,Sapatilha e Touca,4000,10/06/2020
TO,Sapatilha e Touca,4000,08/10/2020
TO,Sapatilha e Touca,4100,15/04/2020
TO,Sapatilha e Touca,5300,30/04/2020
TO,Sapatilha e Touca,5600,25/03/2021
TO,Sapatilha e Touca,8000,14/05/2020
TO,Sapatilha e Touca,8000,04/06/2020
TO,Sapatilha e Touca,10000,31/03/2020
TO,Sapatilha e Touca,15300,22/05/2020
TO,Sapatilha e Touca,35900,08/10/2020
TO,Sapatilha e Touca,80000,31/03/2020
